<?xml version="1.0"?>
<doc>
    <assembly>
        <name>PC.Framework.Extensions</name>
    </assembly>
    <members>
        <member name="T:PC.Framework.Extensions.ArrayExtensions">
            <summary>
            Extension methods for array types.
            </summary>
        </member>
        <member name="M:PC.Framework.Extensions.ArrayExtensions.GetTypes(System.Collections.Generic.IEnumerable{System.Object})">
            <summary>
            Returns an IEnumerable{Type} with the Types of each object.
            </summary>
            <param name="objIEnumerable">The obj I enumerable.</param>
            <returns></returns>
        </member>
        <member name="M:PC.Framework.Extensions.ArrayExtensions.ContainsType``1(System.Collections.Generic.IEnumerable{System.Object})">
            <summary>
            Returns true if the IEnumerable contains any item conforming to the Type T
            </summary>
            <typeparam name="T">Type</typeparam>
            <returns>bool</returns>
        </member>
        <member name="M:PC.Framework.Extensions.ArrayExtensions.GetByType``2(``0[])">
            <summary>
            This will return an IEnumerable of items that conform to the Type as specified by X
            </summary>
            <typeparam name="T"></typeparam>
            <typeparam name="X"></typeparam>
            <param name="objArray">The obj array.</param>
            <returns></returns>
        </member>
        <member name="M:PC.Framework.Extensions.ArrayExtensions.GetByType``1(System.Collections.IEnumerable)">
            <summary>
            This will return an IEnumerable of items that conform to the Type as specified by X
            </summary>
            <typeparam name="X"></typeparam>
            <param name="?"></param>
            <returns></returns>
        </member>
        <member name="M:PC.Framework.Extensions.ArrayExtensions.SelectItem``1(System.Collections.Generic.IEnumerable{``0},System.Nullable{System.Int32})">
            <summary>
            Will select an item from the given postition ( if the item exists. )
            If not then default(T) is returned.
            </summary>
            <typeparam name="T">The type of the object to be returned.</typeparam>
            <param name="items">IEnumerable{T} the enumerable list to search.</param>
            <param name="position">optional postition to select the item from. If null then element 0 is selected.</param>
            <returns>T or default(T) if no element exists at the requested position.</returns>
        </member>
        <member name="M:PC.Framework.Extensions.ArrayExtensions.SelectItem``1(System.Collections.Generic.IList{``0},System.Nullable{System.Int32})">
            <summary>
            Will select an item from the given postition ( if the item exists. )
            If not then default(T) is returned.
            </summary>
            <typeparam name="T">The type of the object to be returned.</typeparam>
            <param name="items">List{T} the list to search.</param>
            <param name="position">optional postition to select the item from. If null then element 0 is selected.</param>
            <returns>T or default(T) if no element exists at the requested position.</returns>
        </member>
        <member name="M:PC.Framework.Extensions.ArrayExtensions.SelectFirstItem``1(System.Collections.Generic.IEnumerable{``0})">
            <summary>
            Will select the first item from the given list ( if the item exists. )
            If not then default(T) is returned.
            </summary>
            <typeparam name="T">The type of the object to be returned.</typeparam>
            <param name="items">IEnumerable{T} the enumerable list to search.</param>
            <returns>T or default(T) if no element exists at the requested position.</returns>
        </member>
        <member name="M:PC.Framework.Extensions.ArrayExtensions.SelectFirstItem``1(System.Collections.Generic.IList{``0})">
            <summary>
            Will select the first item from the given list ( if the item exists. )
            If not then default(T) is returned.
            </summary>
            <typeparam name="T">The type of the object to be returned.</typeparam>
            <param name="items">List{T} the list to search.</param>
            <returns>T or default(T) if no element exists at the requested position.</returns>
        </member>
        <member name="M:PC.Framework.Extensions.ArrayExtensions.ToHexString(System.Byte[])">
            <summary>
            Converts an Array of Bytes to as string of Hex Values.
            </summary>
            <param name="byteArray"></param>
            <returns>string</returns>
        </member>
        <member name="T:PC.Framework.Extensions.ReflectToStringIgnoreAttribute">
            <summary>
            Mark a property with this attribute when you want the extension method ReflectToString()
            to ignore the property.
            NOTE: This is only effective if you do not override the ToString() method in your class.
            If you do override this method then ReflectToString will call this instead.
            </summary>
        </member>
        <member name="T:PC.Framework.Extensions.DataDictionary.DataDictionaryExtension">
            <summary>
            DataDictionary. Provides simple facilities around classes containing SQL Mappings.
            </summary>
        </member>
        <member name="M:PC.Framework.Extensions.DataDictionary.DataDictionaryExtension.AsParam(System.String)">
            <summary>
            Ensures the value is correctly formatted as a Parameter ( ensures @ )
            It is safe to call this on all values, if @ already exists it will
            just return the value.
            </summary>
            <returns>string</returns>
        </member>
        <member name="T:PC.Framework.Extensions.DictionaryExtenstions">
            <summary>
            Extension methods for dictionary types
            </summary>
        </member>
        <member name="T:PC.Framework.Extensions.DirectoryExtensions">
            <summary>
            Extension methods for Directory.
            </summary>
        </member>
        <member name="M:PC.Framework.Extensions.DirectoryExtensions.IsEmpty(System.IO.DirectoryInfo)">
            <summary>
            Checks to see if the Directory is empty of Directories and Files.
            </summary>
            <param name="dInfo"></param>
            <returns></returns>
        </member>
        <member name="M:PC.Framework.Extensions.EventExtensions.Raise(System.EventHandler,System.Object,System.EventArgs)">
            <summary>
            Safely raise an event
            </summary>
            <param name="event"></param>
            <param name="sender"></param>
            <param name="args"></param>
            <returns></returns>
        </member>
        <member name="T:PC.Framework.Extensions.SqlExceptionCode">
            <summary>
            List of common Sql Exception codes.
            </summary>
            <remarks>
            Messages can be retrieved from SQL Server using
            <code>
            SELECT * FROM sys.messages WHERE language_id=1033
            </code>
            </remarks>
        </member>
        <member name="F:PC.Framework.Extensions.SqlExceptionCode.DEADLOCK_VICTIM">
            <summary>
            Corresponds to SQL Message
            Transaction (Process ID %d) was deadlocked on %.*ls resources with another process and has been chosen as the deadlock victim. Rerun the transaction.
            Number = 1205
            </summary>
        </member>
        <member name="F:PC.Framework.Extensions.SqlExceptionCode.TIMEOUT">
            <summary>
            Operation timeout does not map directly to an SQL Message. 
            This is thrown by the <c>.Net.SqlData.Client </c> itself.
            </summary>
            <remarks>
            Obviously there may be more than one error matching this value ( -2 )
            So it is necessary to test for the word 'timeout' in the string of the message also.
            </remarks>
        </member>
        <member name="T:PC.Framework.Extensions.ExceptionExtension">
            <summary>
            Provides Exception Method Extensions.
            </summary>
        </member>
        <member name="M:PC.Framework.Extensions.ExceptionExtension.FormatToString(System.Exception,System.Nullable{System.Int32})">
            <summary>
            This will format the Exception into a String as per example below.
            
            Type: [ExType]
            Message: [Outer Ex Message]
            </summary>
            <param name="depth">Optional maximum depth to probe inner exceptions. (Default is 10)</param>
            <returns>String</returns>
        </member>
        <member name="M:PC.Framework.Extensions.ExceptionExtension.FormatToString(System.NotImplementedException,System.Nullable{System.Int32})">
            <summary>
            This will format the Exception into a String as per example below.
            
            Type: [ExType]
            Message: [Outer Ex Message]
            </summary>
            <param name="depth">Optional maximum depth to probe inner exceptions. (Default is 10)</param>
            <returns>String</returns>
        </member>
        <member name="M:PC.Framework.Extensions.ExceptionExtension.Log(System.Data.SqlClient.SqlException,PC.Framework.Interfaces.ILog,System.Object[])">
            <summary>
            logs detailed deadlock, timeout exceptions embedded in the SqlException, more SqlError could be added later when needed. 
            </summary>
            <param name="sqlEx">SqlException</param>
            <param name="log">Logger</param>
            <param name="arguments">additional information to log</param>
        </member>
        <member name="M:PC.Framework.Extensions.ExceptionExtension._basicStringFormat(System.Exception,System.Int32)">
            <summary>
            internally provides formatting of the Exception object.
            </summary>
            <param name="ex">The Exception to parse and format.</param>
            <param name="depth">maximum depth to recursively probe for inner exceptions.</param>
            <returns>String</returns>
        </member>
        <member name="M:PC.Framework.Extensions.ExceptionExtension._stringException(System.Text.StringBuilder,System.Exception,System.Int32,System.Int32)">
            <summary>
            Recursively strings out an Exception.
            </summary>
            <param name="curValue">The Current build of the Exception</param>
            <param name="ex">The Exception to String</param>
            <param name="curDepth">The current inner exception depth ( e.g. 0 = Our Exception)</param>
            <param name="maxDepth">Maximum depth of Inner Exceptions to report.</param>
            <returns>StringBuilder</returns>
            <remarks>
            Note this method is recursive.
            </remarks>
        </member>
        <member name="T:PC.Framework.Extensions.ImageExtend">
            <summary>
            Provides extension methods for Image and Bitmap class
            </summary>
        </member>
        <member name="M:PC.Framework.Extensions.ImageExtend.CreatePropertyItem(System.Drawing.Image,System.Nullable{System.Int32},PC.Framework.Interfaces.ILog)">
            <summary>
            Creates a new PropertyItem ON the target Image.
            This call is SAFE, if the Item already exists on the image it will be used.
            </summary>
            <returns></returns>
            <exception>If a log client is not provided the exception is NOT supressed.</exception>
        </member>
        <member name="M:PC.Framework.Extensions.ImageExtend.CreatePropertyItem(PC.Framework.Interfaces.ILog,System.Nullable{System.Int32})">
            <summary>
            .NET Provides no public constructor for the PropertyItem class.
            Options
            1/. Use a PropertyItem already in the Image and overwrite it
                Issue : This results in the undelying property being destroyed
            2/. Use a static image with all properties assigned, copy out of this image
                Issue : Code is dependant on an external resource
                Issue : Multi threading will result in the property being subject to race conditions
            3/. Use the private constructor through reflection
                Issue : The .NET FW may obsolete this constructor
            </summary>
            <returns></returns>
            <exception>If a log client is not provided the exception is NOT supressed.</exception>
        </member>
        <member name="M:PC.Framework.Extensions.StreamExtend.CopyStream(System.IO.Stream,System.IO.Stream,System.Int32)">
            <summary>
            Copies the contents of one stream into another stream using a buffer
            </summary>
            <param name="sourceStream">The stream to copy from</param>
            <param name="destinationStream">The stream to copy to</param>
            <param name="bufferSize">The number of bytes to copy at one time</param>
        </member>
        <member name="M:PC.Framework.Extensions.StreamExtend.InternalCopyStream(System.IO.Stream,System.IO.Stream,System.Int32)">
            <summary>
            Copies the contents of one stream into another stream using a buffer
            </summary>
            <param name="sourceStream">The stream to copy from</param>
            <param name="destinationStream">The stream to copy to</param>
            <param name="bufferSize">The number of bytes to copy at one time</param>
        </member>
        <member name="M:PC.Framework.Extensions.ObjectExtensions.If``1(``0,System.Func{``0,System.Boolean},System.Action{``0})">
            <summary>
            Executes the specified condition statement, and if true executes the Action.
            </summary>
            <typeparam name="TSource"></typeparam>
            <param name="value"></param>
            <param name="condition"></param>
            <param name="action"></param>
            <returns></returns>
        </member>
        <member name="M:PC.Framework.Extensions.ObjectExtensions.ElseIf``1(PC.Framework.Extensions.IfStatement{``0},System.Func{``0,System.Boolean},System.Action{``0})">
            <summary>
            Should be used after an If{TSource} statement where additional conditional statements are required
            Executes the specified condition and where true the specified Action
            </summary>
            <typeparam name="TSource"></typeparam>
            <param name="statement"></param>
            <param name="condition"></param>
            <param name="action"></param>
            <returns></returns>
        </member>
        <member name="M:PC.Framework.Extensions.ObjectExtensions.Else``1(PC.Framework.Extensions.IfStatement{``0},System.Action{``0})">
            <summary>
            Can be used as the false condition of If{TSource} or ElseIf{TSource} and will execute the Action
            where the IfStatement.State == false
            </summary>
            <typeparam name="TSource"></typeparam>
            <param name="statement"></param>
            <param name="action"></param>
        </member>
        <member name="M:PC.Framework.Extensions.ObjectExtensions.IfNotNullOrDefault``1(``0,System.Action{``0})">
            <summary>
            If the string is Not null, and Not empty the operation is performed.
            example 
            myString.IsNotNullOrEmpty( s => s.Replace("x","y") );
            </summary>
            <returns>The string OR ""</returns>
        </member>
        <member name="M:PC.Framework.Extensions.ObjectExtensions.IfNotNull``1(``0,System.Action{``0})">
            <summary>
            If the string is Not null, and Not empty the operation is performed.
            example 
            myString.IsNotNullOrEmpty( s => s.Replace("x","y") );
            </summary>
            <returns>The string OR ""</returns>
        </member>
        <member name="T:PC.Framework.Extensions.ReflectionExtensions">
            <summary>
            Class provides methods that extend reflection types.
            </summary>
        </member>
        <member name="M:PC.Framework.Extensions.ReflectionExtensions.GetAttribute``1(System.Reflection.MemberInfo)">
            <summary>
            Returns a custom attribute of the type specified, or null if one does not Exist.
            </summary>
            <typeparam name="T">The type of attribute you are looking for.</typeparam>
            <returns>T - Attribute</returns>
            <remarks>NOTE : This method is used where you know the attriubte should only occur once.</remarks>
        </member>
        <member name="M:PC.Framework.Extensions.ReflectionExtensions.getCustomAttribute(System.Type,System.Reflection.MemberInfo)">
            <summary>
            Attempts to retreive the Custom Attribute specified for the property.
            </summary>
            <param name="attributeType">typeof([ATTRIBUTE])</param>
            <param name="property">PropertyInfo object to interrogate</param>
            <example>dataAttributesAttribute _att = util.getCustomAttribute(typeof(dataAttributesAttribute), property) as dataAttributesAttribute;</example>
            <returns>object</returns>
        </member>
        <member name="T:PC.Framework.Extensions.DataRowExtend">
            <summary>
            Provides extension methods for <see cref="T:System.Data.DataRow"/>
            </summary>
        </member>
        <member name="M:PC.Framework.Extensions.DataRowExtend.ContainsColumn(System.Data.DataRow,System.String)">
            <summary>
            This Extension method will check the DataRow.Table.Colums.Contains(X) and return the result.
            </summary>
            <param name="dataRow"></param>
            <param name="column"></param>
            <returns></returns>
        </member>
        <member name="M:PC.Framework.Extensions.DataRowExtend.ContainsColumn(System.Data.DataRow,System.Enum)">
            <summary>
            This Extension method will check the DataRow.Table.Colums.Contains(X) and return the result.
            </summary>
            <param name="dataRow"></param>
            <param name="column">This will use the Enum.GetName and request based on the STRING name.</param>
            <returns></returns>
        </member>
        <member name="T:PC.Framework.Extensions.DataSetExtend">
            <summary>
            Extensions methods for <see cref="T:System.Data.DataSet"/>
            </summary>
        </member>
        <member name="M:PC.Framework.Extensions.DataSetExtend.HasData(System.Data.DataSet)">
            <summary>
            indicates if the First Table in this Data set has rows.
            Use the Overload if you need to test more Tables.
            </summary>
            <remarks>
            if the DataSet is null, False is returned.
            if the Dataset has no Tables False is returned
            if the First Table DataSet.Tables[0] has no rows, False is returned.
            </remarks>
            <param name="dsSet"><see cref="T:System.Data.DataSet"/></param>
            <returns>bool</returns>
        </member>
        <member name="M:PC.Framework.Extensions.DataSetExtend.HasData(System.Data.DataSet,System.Int32)">
            <summary>
            indicates if the Specified Table in this Data set has rows.
            Use the Overload if you need to test more Tables.
            </summary>
            <param name="dsSet"><see cref="T:System.Data.DataSet"/></param>
            <param name="tableNumber">The table number.</param>
            <returns>
            bool
            </returns>
            <remarks>
            if the DataSet is null, False is returned.
            if the Dataset has no Tables False is returned
            if the Specified Table DataSet.Tables[tableNumber] has no rows, False is returned.
            </remarks>
        </member>
        <member name="M:PC.Framework.Extensions.DataSetExtend.CalculateHasData(System.Data.DataSet,System.Int32)">
            <summary>
            indicates if the Specified Table in this Data set has rows.
            Use the Overload if you need to test more Tables.
            </summary>
            <remarks>
            if the DataSet is null, False is returned.
            if the Dataset has no Tables False is returned
            if the Specified Table DataSet.Tables[tableNumber] has no rows, False is returned.
            </remarks>
            <param name="dsSet"><see cref="T:System.Data.DataSet"/></param>
            <returns>bool</returns>
        </member>
        <member name="T:PC.Framework.Extensions.SQL_BIT">
            <summary>
            Provides translation for SQL Bit field 
            </summary>
        </member>
        <member name="T:PC.Framework.Extensions.SqlCommandExtend">
            <summary>
            Extension methods for the SqlCommandObject
            </summary>
        </member>
        <member name="M:PC.Framework.Extensions.SqlCommandExtend.AsString(System.Data.SqlClient.SqlParameterCollection)">
            <summary>
            Formats Parameter collection out to a string
            </summary>
            <param name="col"></param>
            <returns></returns>
        </member>
        <member name="M:PC.Framework.Extensions.SqlCommandExtend.SafeAdd(System.Data.SqlClient.SqlParameterCollection,System.String,System.Object)">
            <summary>
            This will ensure the parameter exists before attempting to add the value.
            If the parameter does NOT exist false will be returned.
            
            NOTES:
                The @ param is added if not found.
                
            Rules :
                SqlParameterCollection == null || Count == 0 RETURN false
                ParamName not contained in Collection RETURN false
                ParamName IS contained in collection RETURN true
            </summary>
            <param name="col"></param>
            <param name="ParamName"></param>
            <param name="ParamValue"></param>
        </member>
        <member name="M:PC.Framework.Extensions.SqlCommandExtend.AsSQL(System.Data.SqlClient.SqlCommand)">
            <summary>
            Test execute formats a string ready to test it in Sql Management Studio
            </summary>
            <param name="cmd"></param>
            <returns></returns>
        </member>
        <member name="M:PC.Framework.Extensions.SqlCommandExtend.ReturnValue(System.Data.SqlClient.SqlCommand)">
            <summary>
            This will attempt to get the return value.
            Some notes
            1/. If it is NOT a stored procedure, 0 is returned.
            2/. If a @RETURN_VALUE does not exist, 0 is returned.
            3/. If cmd is null, an ArgumentNullException is thrown.
            </summary>
            <param name="cmd"></param>
            <returns></returns>
        </member>
        <member name="M:PC.Framework.Extensions.SqlCommandExtend.ValidateReturnValue(System.Data.SqlClient.SqlCommand)">
            <summary>
            This method will look for the return value and check for Success ( 0 ) 
            If the value is NOT 0, and Exception is returned.
            NOTES:
                SqlCommand.ReturnValue() is used to aquire the return value.
            </summary>
            <param name="cmd"></param>
        </member>
        <member name="M:PC.Framework.Extensions.SqlCommandExtend.GetIdentifier(System.Data.SqlClient.SqlCommand,System.String)">
            <summary>
            This method will attempt to reteive an identifier from the return parameters based on the field name provided
            if the '@' is omitted, it is added.
            
            If the value does not exist an exception is thrown.
            </summary>
            <param name="cmd"><see cref="T:System.Data.SqlClient.SqlCommand"/> the command object containing the return parameter.</param>
            <param name="identifierField"><see cref="T:System.String"/> name of the parameter.</param>
            <returns><see cref="T:System.Int32"/></returns>
        </member>
        <member name="M:PC.Framework.Extensions.XmlReaderExtend.AsXmlDocument(System.Xml.XmlReader,System.String)">
            <summary>
            Generates XmlDoument object from the XmlReader result given.
            </summary>
            <param name="xmlResult">XmlReader - containing the results to be formatted into XmlDoc</param>
            <param name="rootName">string - Name of the documents root element</param>
            <returns>XmlDocument</returns>        
        </member>
        <member name="M:PC.Framework.Extensions.XmlReaderExtend.BuildXml(System.Xml.XmlReader)">
            <summary>
            Generates XmlDoument object from the XmlReader result given.
            </summary>
            <param name="xmlResult">XmlReader - containing the results to be formatted into XmlDoc</param>
            <returns>XmlDocument</returns>        
        </member>
        <member name="M:PC.Framework.Extensions.StructTypeMethodExtensions.ToRectangle(System.Drawing.RectangleF)">
            <summary>
            Will convert the Float based RectangleF to an Int based Rectangle
            </summary>
            <param name="rectF">System.Drawing.RectangleF</param>
            <returns>System.Drawing.Rectangle</returns>
            <remarks>
            This function does not do anything other than cast each value to int.
            If you need to control rounding you should manually convert your RectangleF
            </remarks>
        </member>
        <member name="T:PC.Framework.Extensions.WeekNum">
            <summary>
            This struct is returned when you ask for the current Week.
            </summary>
        </member>
        <member name="M:PC.Framework.Extensions.WeekNum.#ctor(System.Int32,System.Int32)">
            <summary>
            Default constructor
            </summary>
            <param name="week"></param>
            <param name="year"></param>
        </member>
        <member name="P:PC.Framework.Extensions.WeekNum.Week">
            <summary>
            The week number in the given year.
            </summary>
        </member>
        <member name="P:PC.Framework.Extensions.WeekNum.Year">
            <summary>
            The year this Week belongs to.
            </summary>
            <remarks>
            Passing Jan 1st 2009 will result in you being returned Week 53, 2008
            </remarks>
        </member>
        <member name="T:PC.Framework.Extensions.CalendarRules">
            <summary>
            Rules used to calculate a current Week
            </summary>
        </member>
        <member name="P:PC.Framework.Extensions.CalendarRules.FirstDayOfFirstWeek">
            <summary>
            This is the day used to calculate when a years week count begins.
            </summary>
        </member>
        <member name="P:PC.Framework.Extensions.CalendarRules.WeekRule">
            <summary>
            This is how it then determines the first week.
            </summary>
        </member>
        <member name="T:PC.Framework.Extensions.DateTimeExtensions">
            <summary>
            Methods that extend the System.DateTime
            </summary>
            <remarks>
            For more information
            http://en.wikipedia.org/wiki/Seven-day_week
            Also see
            http://www.w3.org/TR/NOTE-datetime ( ISO 8601 )
            </remarks>
        </member>
        <member name="M:PC.Framework.Extensions.DateTimeExtensions.WeekOfYear(System.DateTime)">
            <summary>
            Gets the Current week this DateTime represents.
            The first week of any given year is the first week that has
            the majority of its days in that year ( ISO Standard D efinition )
            
            Our week starts with DayOfWeek.Sunday
            </summary>
            <param name="date"></param>
            <returns></returns>
        </member>
        <member name="M:PC.Framework.Extensions.DateTimeExtensions.WeekOfYear(System.DateTime,System.Globalization.CultureInfo)">
            <summary>
            Gets the Current week this DateTime represents.
            The first week of any given year is the first week that has
            the majority of its days in that year ( ISO Standard Definition )
            
            Our week starts with DayOfWeek.Sunday
            </summary>
            <param name="date"></param>
            <returns></returns>
        </member>
        <!-- Badly formed XML comment ignored for member "M:PC.Framework.Extensions.DateTimeExtensions.FirstWeekOfYearStartsWith(System.DateTime,System.Globalization.CultureInfo)" -->
        <member name="M:PC.Framework.Extensions.DateTimeExtensions.Between(System.DateTime,System.DateTime,System.DateTime)">
            <summary>
            Tests to see if the date object falls between the given dates.
            </summary>
            <param name="date"></param>
            <param name="startDate"></param>
            <param name="endDate"></param>
            <returns></returns>
        </member>
        <member name="M:PC.Framework.Extensions.DateTimeExtensions.WeeksInYear(System.DateTime)">
            <summary>
            This will return the Number of weeks in the year contained withon this date. (52/53)
            </summary>
            <param name="date"></param>
            <returns>int</returns>
        </member>
        <member name="M:PC.Framework.Extensions.DateTimeExtensions.WeeksInYear(System.DateTime,System.Globalization.CultureInfo)">
            <summary>
            This will return the Number of weeks in the year contained withon this date. (52/53)
            </summary>
            <param name="date"></param>
            <returns>int</returns>
        </member>
        <member name="M:PC.Framework.Extensions.DateTimeExtensions.IsLeapYear(System.DateTime)">
            <summary>
            Returns true if the year used by the date time passed is a Leap Year.
            </summary>
            <param name="date"></param>
            <returns></returns>
        </member>
        <member name="M:PC.Framework.Extensions.DateTimeExtensions.CalculateWeekOfYear(System.DateTime,System.Globalization.CultureInfo)">
            <summary>
            This method now uses the MS method to calculate. 
            If a culture is supplied the FirstDay rules are applied.
            </summary>
            <param name="date"></param>
            <param name="culture"></param>
            <returns></returns>
        </member>
        <member name="M:PC.Framework.Extensions.DateTimeExtensions.CalcUsingMSCalendar(System.DateTime,System.Globalization.CultureInfo)">
            <summary>
            Creates a WeekNum return using the MS Calendar object to perform the Week calculation.
            </summary>
            <param name="date"></param>
            <param name="culture"></param>
            <returns></returns>
        </member>
        <member name="M:PC.Framework.Extensions.DateTimeExtensions.GetStandardCalendar">
            <summary>
            Currently builds a standard US Gregorian
            </summary>
            <returns></returns>
        </member>
        <member name="M:PC.Framework.Extensions.DateTimeExtensions.GetLocalisedCalendarRules(System.Globalization.CultureInfo)">
            <summary>
            Different cultures use a different day to start their Week count in a year.
            </summary>
            <param name="culture"></param>
            <returns></returns>
        </member>
        <member name="T:PC.Framework.Extensions.IntExtensions">
            <summary>
            Extension methods to the System.Int(16,32,64) types.
            </summary>
        </member>
        <member name="M:PC.Framework.Extensions.IntExtensions.AsBool(System.Int32)">
            <summary>
            Converts int value to bool
            0 =  True
            != 0 = False
            </summary>
            <param name="value"></param>
            <returns></returns>
        </member>
        <member name="F:PC.Framework.Extensions.StringExtensions._typeDefinitions">
            <summary>
            This dictionary store a record of all objects subjected to a ReflectToString call.
            </summary>
        </member>
        <member name="M:PC.Framework.Extensions.StringExtensions.ReflectToString(System.Object)">
            <summary>
            Equivalent to: StringUtil.ReflectiveToString(o, 0)
            </summary>
        </member>
        <member name="M:PC.Framework.Extensions.StringExtensions.ReflectToString(System.Object,System.Int32)">
            <summary>
            Converts an object to a string, using reflection to get the fields.
            </summary>
            <param name="target">The target.</param>
            <param name="recursion">Maximum number of levels to recurse</param>
            <returns>
            A string representing the object, for debugging purposes.
            </returns>
        </member>
        <member name="M:PC.Framework.Extensions.StringExtensions.ReflectToString(System.Object,System.Int32,System.String)">
            <summary>
            Converts an object to a string, using reflection to get the fields.
            </summary>
            <param name="target">The target.</param>
            <param name="recursion">Maximum number of levels to recurse</param>
            <param name="delimiter">Delimiter to separate lines.</param>
            <returns>
            A string representing the object, for debugging purposes.
            </returns>
        </member>
        <member name="M:PC.Framework.Extensions.StringExtensions.getFieldInfo(System.Type)">
            <summary>
            This will check the Dictionary, if it is not there it will build the Array and add to the Dictionary.
            </summary>
            <param name="objectType"><see cref="T:System.Type"/> the target object type.</param>
            <returns>FieldInfo[]</returns>
        </member>
        <member name="M:PC.Framework.Extensions.StringExtensions.NotNull(System.String)">
            <summary>
            This will ensure the value you return is NOT null. 
            If the string is null then "" is returned.
            </summary>
            <returns>The string OR ""</returns>
        </member>
        <member name="M:PC.Framework.Extensions.StringExtensions.NotNull(System.String,System.String)">
            <summary>
            This will ensure the value you return is NOT null. 
            If the string is null then the specified default is returned.
            </summary>
            <param name="defaultValue">The value to return if this string is null</param>
            <returns>The string OR defaultValue</returns>
        </member>
        <member name="M:PC.Framework.Extensions.StringExtensions.IsNullOrEmpty(System.String)">
            <summary>
            This method simply wraps the string.IsNullOrEmpty(myString)
            </summary>
            <param name="value"></param>
            <returns>true if empty</returns>
        </member>
        <member name="M:PC.Framework.Extensions.StringExtensions.Compare(System.String,System.String,System.Boolean)">
            <summary>
            Compares two specified String objects, ignoring or honoring their case.
            </summary>
            <param name="strA">The first String. </param>
            <param name="strCompare">The second String. </param>
            <param name="ignoreCase">A Boolean indicating a case-sensitive or insensitive comparison. (true indicates a case-insensitive comparison.)</param>
            <returns></returns>
        </member>
        <member name="M:PC.Framework.Extensions.StringExtensions.Compare(System.String,System.Int32,System.String,System.Int32,System.Int32,System.Boolean,System.Globalization.CultureInfo)">
            <summary>
            Provides a map directly onto the String.Compare funtion
            Will automatically set the length if not specified.
            </summary>
            <param name="strA">The first String.</param>
            <param name="indexA">The position of the substring within strA.</param>
            <param name="strB">The second String.</param>
            <param name="indexB">The position of the substring within the strB.</param>
            <param name="length">
            The maximum number of characters in the substrings to compare. 
            If 0 is passed in then the longer othe two strings is used.
            </param>
            <param name="ignoreCase">A Boolean indicating a case-sensitive or insensitive comparison. (true indicates a case-insensitive comparison.)</param>
            <param name="culture">A CultureInfo object that supplies culture-specific comparison information.</param>
            <returns>An integer indicating the lexical relationship between the two comparands.<see cref="M:System.String.Compare(System.String,System.String)"/></returns>
        </member>
        <member name="M:PC.Framework.Extensions.StringExtensions.Format(System.String,System.Object[])">
            <summary>
            Treats the sting as the format and returns a string.Format([yourString], args)
            </summary>
            <example>
                Sample of using the Format extension
                <code>
                    string myString = "Sample formatting {0}".Format(DateTime.Now);
                </code>
            </example>
            <param name="val"></param>
            <param name="args"></param>
            <returns></returns>
        </member>
        <member name="M:PC.Framework.Extensions.StringExtensions.XmlDecode(System.String)">
            <summary>
            Takes a string extracted from an XML document and decodes
            it into plain text. For example &gt; is replaced with '>'
            </summary>
            <param name="value">The string to decode</param>
            <returns></returns>
        </member>
        <member name="M:PC.Framework.Extensions.StringExtensions.XmlEncode(System.String)">
            <summary>
            Takes a string and replaces characters that are not allowed in XML
            documents with their entity values. For example '>' is converted into &gt;
            </summary>
            <param name="value">The string to decode</param>
            <returns></returns>
        </member>
        <member name="M:PC.Framework.Extensions.StringExtensions.ParseEnum``1(System.String)">
            <summary>
            Parse string to Enum
            </summary>
            <typeparam name="T">Enum type</typeparam>
            <param name="value">string value of enum</param>
            <returns></returns>
        </member>
        <member name="M:PC.Framework.Extensions.StringExtensions.TryParseEnum``1(System.String,``0@)">
            <summary>
            Try Parse string to Enum. (Included in .Net 4.0)
            </summary>
            <typeparam name="T"></typeparam>
            <param name="source"></param>
            <param name="value"></param>
            <returns></returns>
        </member>
        <member name="M:PC.Framework.Extensions.StringExtensions.AsEnum``1(System.String,``0)">
            <summary>
            Convert string to Enum. If conversion failed, return default value
            </summary>
            <typeparam name="T">Enum type</typeparam>
            <param name="value">string value</param>
            <param name="defaultValue">default value</param>
            <returns></returns>
        </member>
        <member name="M:PC.Framework.Extensions.StringExtensions.IfNotNullOrEmpty``2(``0,System.Func{``0,``1})">
            <summary>
            If the string is Not null, and Not empty the operation is performed.
            example 
            myString.IsNotNullOrEmpty( s => s.Replace("x","y") );
            </summary>
            <returns>The string OR ""</returns>
        </member>
        <member name="M:PC.Framework.Extensions.StringExtensions.IfNotNullOrDefault``2(``0,System.Func{``0,``1})">
            <summary>
            If the string is Not null, and Not empty the operation is performed.
            example 
            myString.IsNotNullOrEmpty( s => s.Replace("x","y") );
            </summary>
            <returns>The string OR ""</returns>
        </member>
        <member name="M:PC.Framework.Extensions.StringExtensions.IfNotNullOrDefault``1(``0,System.Action{``0})">
            <summary>
            If the string is Not null, and Not empty the operation is performed.
            example 
            myString.IsNotNullOrEmpty( s => s.Replace("x","y") );
            </summary>
            <returns>The string OR ""</returns>
        </member>
        <member name="M:PC.Framework.Extensions.StringExtensions.IfNotNullOrEmpty``1(``0,System.Action{``0})">
            <summary>
            If the string is Not null, and Not empty the operation is performed.
            example 
            myString.IsNotNullOrEmpty( s => s.Replace("x","y") );
            </summary>
            <returns>The string OR ""</returns>
        </member>
        <member name="T:PC.Framework.Extensions.ValueTypeMethodExtensions">
            <summary>
            ValueTypeMethodExtensions
            </summary>
        </member>
        <member name="M:PC.Framework.Extensions.ValueTypeMethodExtensions.ToInt(System.String)">
            <summary>
            Will attempt to parse the string value supplied. 
            If not valid then a defaultValue of -1 is returned.
            </summary>
            <param name="parseValue">The value you wish to attempt to parse.</param>
            <returns>int</returns>
            <remarks>If the value cannot be parsed then a -1 is returned.</remarks>
        </member>
        <member name="M:PC.Framework.Extensions.ValueTypeMethodExtensions.ToInt(System.String,System.Nullable{System.Int32})">
            <summary>
            Will attempt to parse the string value supplied. 
            If not valid then a defaultValue is returned.
            </summary>
            <param name="parseValue">The value you wish to attempt to parse.</param>
            <param name="defaultValue">The default value to use if the string does not contain a valid integer.</param>
            <remarks>
            If you do not provide a default then -1 is returned.
            </remarks>
            <returns>int</returns>
        </member>
        <member name="M:PC.Framework.Extensions.ValueTypeMethodExtensions.ParseInt(System.String,System.Nullable{System.Int32})">
            <summary>
            Internal method supporting the ParseSafeInt extension methods.
            </summary>
            <param name="parseValue"></param>
            <param name="defaultValue"></param>
            <returns></returns>
        </member>
        <member name="T:PC.Framework.Extensions.SerializeExtend">
            <summary>
            Contains methods the provide Serialization Extensions to objects.
            </summary>
        </member>
        <member name="F:PC.Framework.Extensions.SerializeExtend.DictionaryLock">
            <summary>
            This is used to place a dictionary wide thread lock whilst a Serializer is aquired.
            </summary>
        </member>
        <member name="F:PC.Framework.Extensions.SerializeExtend.XmlType">
            Static Supported Types
        </member>
        <member name="F:PC.Framework.Extensions.SerializeExtend.Serializers">
            <summary>
            This dictionary contains Serialisers used previously, and should speed up 
            the Serialise/Deserialise process.
            </summary>
        </member>
        <member name="M:PC.Framework.Extensions.SerializeExtend.Serialize(System.Object)">
            <summary>
            Attempts to serialize the object to an XmlDocument
            </summary>
            <returns>System.Xml.XmlDocument</returns>
            <exception cref="T:System.InvalidCastException">InvalidCastException</exception>
            <remarks>If you want to ignore errors use overload that allows the suppression of errors.</remarks>
        </member>
        <!-- Badly formed XML comment ignored for member "M:PC.Framework.Extensions.SerializeExtend.Serialize``1(System.Object)" -->
        <member name="M:PC.Framework.Extensions.SerializeExtend.Serialize``1(System.Object,System.Boolean)">
            <summary>
            Serialise the given object to XmlDocument
            The serializer uses a Dictionary to store created Serialisers.
            Therefore there is a thread lock on the Dictionary during the
            Find, Get and Add methods.
            After it will place a lock on the Serializer type during the
            serialization process.
            </summary>
            <param name="c">Object to return as an XmlDocument</param>
            <returns>XmlDocument</returns>
            <remarks>
            You can suppress exceptions using 
            <c>[object].serialize&lt;objectType&gt;(true);</c>
            </remarks>
            <example>
            <code source="C:\DevTest\PNI.Example.Code\PNI.Framework.Util.Examples\ExtensionSamples.cs" region="UsingStatements" />
            <code source="C:\DevTest\PNI.Example.Code\PNI.Framework.Util.Examples\ExtensionSamples.cs" region="UsingSerialization"/>
            </example>
        </member>
        <member name="M:PC.Framework.Extensions.SerializeExtend.Serialize``1(System.Object,System.Boolean,System.Type[])">
            <summary>
            This allows you to serialise collections containing multiple object types, however. 
            It creates its serializer on the fly, so avoid using in speed critical senarios.
            </summary>
            <typeparam name="T">The destination target type.</typeparam>
            <param name="objSerialize">The object being extended.</param>
            <param name="suppressErrors">bool indicating if an exception should be thrown or not.</param>
            <param name="additionalTypeSupport"><see cref="T:System.Type"/>[] of expected subtypes. This is use to assist in complex deserilisation.</param>
            <returns>T</returns>
            <example>
            <code source="C:\DevTest\PNI.Example.Code\PNI.Framework.Util.Examples\ExtensionSamples.cs" region="UsingStatements"/>
            <code source="C:\DevTest\PNI.Example.Code\PNI.Framework.Util.Examples\ExtensionSamples.cs" region="UsingSerialization"/>
            </example>
        </member>
        <member name="M:PC.Framework.Extensions.SerializeExtend.Serialize``2(System.Collections.Generic.List{``1},System.Boolean)">
            <summary>
            This will serialise a list of X and automatically define the subtypes required.
            </summary>
            <typeparam name="T"></typeparam>
            <typeparam name="X"></typeparam>
            <param name="objSerialise"></param>
            <param name="suppressErrors"></param>
            <returns></returns>
        </member>
        <member name="M:PC.Framework.Extensions.SerializeExtend.serialize``1(System.Object,System.Xml.Serialization.XmlSerializer,System.Boolean)">
            <summary>
            Internal support for serialisation.
            </summary>
            <typeparam name="T"></typeparam>
            <param name="objSerialize"></param>
            <param name="serializer"></param>
            <param name="suppressErrors"></param>
            <returns></returns>
        </member>
        <member name="M:PC.Framework.Extensions.SerializeExtend.Deserialise``1(System.Byte[],System.Text.Encoding)">
            <summary>
            Deserialise a btye[] array that contains ( when passed through encoder ) an Xml document
            in string format.
            NOTE: if you do not provide the Encoding then Encoding.Default is used.
            </summary>
            <typeparam name="T">The return type.</typeparam>
            <param name="encoder">Optional Encoding to use.</param>
            <returns>T</returns>
        </member>
        <!-- Badly formed XML comment ignored for member "M:PC.Framework.Extensions.SerializeExtend.Deserialise``1(System.Xml.XmlDocument)" -->
        <!-- Badly formed XML comment ignored for member "M:PC.Framework.Extensions.SerializeExtend.Deserialise``1(System.Xml.XmlDocument,System.Type[])" -->
        <member name="M:PC.Framework.Extensions.SerializeExtend.Deserialise``1(System.Xml.XmlDocument,System.Xml.Serialization.XmlSerializer)">
            <summary>
            Internal support for deserialise.
            </summary>
            <typeparam name="T"></typeparam>
            <param name="xmlData"></param>
            <param name="serializer"></param>
            <returns></returns>
        </member>
        <member name="M:PC.Framework.Extensions.SerializeExtend.getSerializer(System.Type)">
            <summary>
            Checks Dictionary and returns the correct serializer.
            </summary>
            <param name="targetType">The system type of the object we are working against.</param>
            <returns></returns>
        </member>
        <member name="M:PC.Framework.Extensions.SerializeExtend.SuppressNameSpace(System.Xml.XmlDocument)">
            <summary>
            Physically removes the Namespacing currently associated across the document.
            </summary>
            <example>
                <code>
                string myXml = oItem.Serialize().SuppressNameSpace().InnerXml;
                </code>
            </example>
            <param name="data"></param>
            <returns></returns>
        </member>
        <member name="M:PC.Framework.Extensions.SerializeExtend.deserialize``1(System.Xml.XmlDocument,System.String,System.String)">
            <summary>
            This provides a more flexible route for deserialising to objects that represent a sub nodes in the Xml
            being passed.
            NOTE : If the sub node you are loading is a single instance within the document use the basic deserialise.
            This function should ONLY be used if you need to use XPathing to ensure correct object selection.
            </summary>
            <param name="xmlObject">The source Xml</param>
            <param name="XPathSelect">String the Xpath</param>
            <param name="objectXPathPlaceholder">Optional placeholder. If null then #T# is assumed the placeholder.</param>
            <returns></returns>
        </member>
        <member name="M:PC.Framework.Extensions.SerializeExtend.deserialize``1(System.Xml.XmlDocument,System.Xml.Serialization.XmlSerializer)">
            <summary>
            This allows an external class to load another from serialised Xml
            </summary>
            <returns>channelList - deserialized</returns>
        </member>
        <member name="M:PC.Framework.Extensions.SerializeExtend.getObjectXmlRootName(System.Type)">
            <summary>
            Will check attributes to see if an XmlRoot has been specified.
            </summary>
            <param name="objectType"></param>
            <returns></returns>
        </member>
        <member name="M:PC.Framework.Extensions.SerializeExtend.getCustomAttribute(System.Type,System.Reflection.PropertyInfo)">
            <summary>
            Attempts to retreive the Custom Attribute specified for the property.
            </summary>
            <param name="attributeType">typeof([ATTRIBUTE])</param>
            <param name="property">PropertyInfo object to interrogate</param>
            <example>dataAttributesAttribute _att = util.getCustomAttribute(typeof(dataAttributesAttribute), property) as dataAttributesAttribute;</example>
            <returns>object</returns>
        </member>
        <member name="M:PC.Framework.Extensions.SerializeExtend.getCustomAttribute(System.Type,System.Type)">
            <summary>
            Attempts to retreive the Custom Attribute specified for the target object type.
            </summary>
            <param name="attributeType">typeof([ATTRIBUTE])</param>
            <param name="objectType">target object to interrogate</param>
            <example>dataAttributesAttribute _att = util.getCustomAttribute(typeof(dataAttributesAttribute), typeof(myClass)) as dataAttributesAttribute;</example>
            <returns>object</returns>
        </member>
        <member name="M:PC.Framework.Extensions.SerializeExtend.getCustomAttribute``1(System.Type)">
            <summary>
            Returns 1st instance of Attribute or null.
            </summary>
            <typeparam name="T"></typeparam>
            <param name="objectType"></param>
            <returns></returns>
        </member>
        <member name="T:PC.Framework.Extensions.TransformExtension">
            <summary>
            Provides Extension methods for the transformation of Xml using XSL.
            </summary>
        </member>
        <member name="M:PC.Framework.Extensions.TransformExtension.Transform(System.Xml.XmlDocument,System.String)">
            <summary>
            Transform the XmlDocument using 
            </summary>
            <param name="obj">XmlDocument - document to be transformed</param>
            <param name="XSL_URL">string - Url to the Xsl</param>
            <returns>string</returns>
        </member>
        <member name="M:PC.Framework.Extensions.TransformExtension.Transform(System.Xml.XmlDocument,System.Xml.Xsl.XsltArgumentList,System.Xml.XmlDocument)">
            <summary>
            Transform the XmlDocument using 
            </summary>
            <param name="XSL_DOC">XmlDocument - Xsl that will be used to transform.</param>
            <param name="args">optional args</param>
            <param name="obj">Data to transform.</param>
            <returns>string</returns>
        </member>
        <member name="M:PC.Framework.Extensions.TransformExtension._performTransform(System.Xml.XmlDocument,System.Xml.Xsl.XsltArgumentList,System.Xml.XmlDocument,System.Xml.XmlWriterSettings)">
            <summary>
            Base implmentation of the Xsl Transform, WriterSettings and Args are optional.
            </summary>
            <param name="xmlToTransform"><see cref="T:System.Xml.XmlDocument"/> Data to transform</param>
            <param name="args"><see cref="T:System.Xml.Xsl.XsltArgumentList"/> optional args</param>
            <param name="XSLDoc"><see cref="T:System.Xml.XmlDocument"/> the XSL that will be used.</param>
            <param name="writerSettings"><see cref="T:System.Xml.XmlWriterSettings"/> optiona writer settings.</param>
            <returns>string</returns>
        </member>
    </members>
</doc>
