<?xml version="1.0"?>
<doc>
    <assembly>
        <name>PC.Framework.Threading</name>
    </assembly>
    <members>
        <member name="T:PC.Framework.Threading.WorkerThreadAction">
            <summary>
            This enumerator provides Keys that can be inserted into the Threads local dictionary 
            and are subsequently read by the Threadmanager.
            </summary>
        </member>
        <member name="F:PC.Framework.Threading.WorkerThreadAction.WTA_Closing">
            <summary>
            When this key is added to a Worker Threads dictionary the ThreadManager
            will assume it has completed its work and will remove it from the call loop
            thus ending it.
            </summary>
        </member>
        <member name="T:PC.Framework.Threading.IRunning">
            <summary>
            Defines an interface that allows a background thread to
            determine if it should continue running.
            </summary>
        </member>
        <member name="M:PC.Framework.Threading.IRunning.IsRunning">
            <summary>
            Returns true if the process should continue
            </summary>
            <returns></returns>
        </member>
        <member name="T:PC.Framework.Threading.BackgroundThreadManager">
            <summary>
            Manages a collection of background threads with reliable error trapping and logging
            
            If you need to control exit from the thread loop from your thread method:
            Add WorkerThreadAction.Closing, Object to the loacal dictionary.
            </summary>
        </member>
        <member name="M:PC.Framework.Threading.BackgroundThreadManager.#ctor(PC.Framework.Interfaces.ILog)">
            <summary>
            Creates a new collection of worker threads. These threads will all be terminated
            cleanly when this object is disposed
            </summary>
        </member>
        <member name="M:PC.Framework.Threading.BackgroundThreadManager.IsRunning">
            <summary>
            Returns true if the threads are running
            </summary>
            <returns></returns>
        </member>
        <member name="M:PC.Framework.Threading.BackgroundThreadManager.RemoveThread(PC.Framework.Threading.BackgroundThreadManager.WorkerThread)">
            <summary>
            This method is called by the WorkerThread.OnThreadExit event.
            It is private because it is responsible for removing a ThreadItem from
            the List and therefore assumes that thread has already Exited correctly.
            </summary>
            <param name="thread">WorkerThread to remove.</param>
        </member>
        <member name="M:PC.Framework.Threading.BackgroundThreadManager.AddThread(System.String,PC.Framework.Threading.BackgroundThreadManager.WorkerThreadStart,PC.Framework.Threading.BackgroundThreadManager.WorkerThreadEnd,System.Threading.ThreadPriority)">
            <summary>
            Adds a new thread to the collection, and starts the thread executing.
            </summary>
            <param name="threadName">The name to assign to the thread</param>
            <param name="methodDelegate">The method that the thread should continuously call in a loop.
            This method should return reasonably quickly, or there will be a delay in shutting down the threads.</param>
            <param name="stopMethodDelegate">This method is called when the StopThreads method has been invoked. It should be used 
            ONLY to clean up objects such as any IDisposable objects you are using.</param>
            <param name="priority">The priority of the thread</param>
        </member>
        <member name="M:PC.Framework.Threading.BackgroundThreadManager.AddThread(System.String,PC.Framework.Threading.BackgroundThreadManager.WorkerThreadStart,System.Threading.ThreadPriority)">
            <summary>
            Adds a new thread to the collection, and starts the thread executing.
            </summary>
            <param name="threadName">The name to assign to the thread</param>
            <param name="methodDelegate">The method that the thread should continuously call in a loop.
            This method should return reasonably quickly, or there will be a delay in shutting down the threads.</param>
            <param name="priority">The priority of the thread</param>
        </member>
        <member name="M:PC.Framework.Threading.BackgroundThreadManager.AddThread(System.String,PC.Framework.Threading.BackgroundThreadManager.WorkerThreadStart)">
            <summary>
            Adds a new thread to the collection, and starts the thread executing.
            </summary>
            <param name="threadName">The name to assign to the thread</param>
            <param name="methodDelegate">The method that the thread should continuously call in a loop.
            This method should return reasonably quickly, or there will be a delay in shutting down the threads.</param>
        </member>
        <member name="M:PC.Framework.Threading.BackgroundThreadManager.StopThreads">
            <summary>
            Stop all background threads in this collection
            </summary>
        </member>
        <member name="M:PC.Framework.Threading.BackgroundThreadManager.GetThreadValues(System.String)">
            <summary>
            Returns a thread local value for each thread
            </summary>
        </member>
        <member name="M:PC.Framework.Threading.BackgroundThreadManager.Dispose">
            <summary>
            Implements IDisposable
            </summary>
        </member>
        <member name="M:PC.Framework.Threading.BackgroundThreadManager.Finalize">
            <summary>
            Destructor
            </summary>
        </member>
        <member name="T:PC.Framework.Threading.BackgroundThreadManager.WorkerThreadStart">
            <summary>
            Method signature for
            </summary>
            <param name="threadLocalDictionary">A dictionary of names and values
            that is local to the thread</param>
        </member>
        <member name="T:PC.Framework.Threading.BackgroundThreadManager.WorkerThreadEnd">
            <summary>
            Classes that need to clean up can provide a method matching the delegate.
            </summary>
            <param name="threadLocalDictionary"></param>
        </member>
        <member name="T:PC.Framework.Threading.BackgroundThreadManager.WorkerThreadExitEventArgs">
            <summary>
            This delegate is used when the worker thread exits its Thread loop.
            After a ThreadStopMethod has been called.
            </summary>
            <param name="thread"></param>
        </member>
        <member name="F:PC.Framework.Threading.BackgroundThreadManager.WorkerThread.OnThreadExit">
            <summary>
            Called when the Thread has exited its Thread Loop and after any ThreadStop method has been called.
            </summary>
        </member>
        <member name="M:PC.Framework.Threading.BackgroundThreadManager.WorkerThread.#ctor(PC.Framework.Interfaces.ILog,PC.Framework.Threading.BackgroundThreadManager.WorkerThreadStart,PC.Framework.Threading.BackgroundThreadManager.WorkerThreadEnd,PC.Framework.Threading.IRunning,System.String,System.Threading.ThreadPriority)">
            <summary>
            Constructs a worker thread
            </summary>
            <param name="logger">The application logger</param>
            <param name="threadMethod">The method for the worker thread to repeatedly execute</param>
            <param name="threadStopMethod">This is an optional method. It is called when IsRunning = false and can be used to implement IDisposable.Dispose() for example.</param>
            <param name="running">An interface that allows the thread to query if it should keep running</param>
            <param name="name">The name of the thread</param>
            <param name="priority">The thread priority</param>
        </member>
        <member name="M:PC.Framework.Threading.BackgroundThreadManager.WorkerThread.Start">
            <summary>
            Starts the wrapped thread executing code.
            </summary>
        </member>
        <member name="M:PC.Framework.Threading.BackgroundThreadManager.WorkerThread.Abort">
            <summary>
            Aborts the thread by raising the ThreadAbort exception in the thread
            </summary>
        </member>
        <member name="M:PC.Framework.Threading.BackgroundThreadManager.WorkerThread.Join(System.TimeSpan)">
            <summary>
            Waits for the thread to termimate
            </summary>
            <param name="timeout">The amount of time to wait</param>
            <returns>True if the thread terminated</returns>
        </member>
        <member name="M:PC.Framework.Threading.BackgroundThreadManager.WorkerThread.ThreadLoop">
            <summary>
            All worker threads execute this loop until running is false.
            </summary>
        </member>
        <member name="P:PC.Framework.Threading.BackgroundThreadManager.WorkerThread.Name">
            <summary>
            Returns the name of the thread
            </summary>
        </member>
        <member name="T:PC.Framework.Threading.ThreadPool">
            <summary>
            This class allows you to create additional custom thread pools for situations where you
            want to limit how many threads will be used at one time to perform a specificific task.
            
            This class will dynamically expand and contract the number of threads that are running
            according to how much work there is to perform. By setting the minimum to zero, there
            will be no threads running whist there is no work to do. If you set the minimum and
            maximum to the same value, then threads will not exit after they are created, and will
            always be available to process requests.
            
            This class executes methods asynchronously using a pool of worker threads. By default
            these methods will execute on a thread that is impersonating the identity of the thread 
            that queued the method for execution. An overloaded version of the method is also 
            provided for specifying the user identity to run under. This identity can be null to 
            disable impersonation for a specific request.
            
            Note that .Net already contains a thread pool which is available through the 
            static methods of System.Threading.ThreadPool class, and also through asynchronous delegate execution,
            but this is a single shared pool, which does not always provide whet you need. For example
            in a web site with long running pages, you may want to dedicate a small pool of threads to
            the long running pages, and leave the main ASP.Net pool to handle all the other page requests.
            </summary>
        </member>
        <member name="M:PC.Framework.Threading.ThreadPool.GetDefaultPrincipal">
            <summary>
            Returns the default principal to use for impersonation
            </summary>
            <returns></returns>
        </member>
        <member name="M:PC.Framework.Threading.ThreadPool.GetDefaultThreadCount">
            <summary>
            Returns the number of threads used by default
            </summary>
        </member>
        <member name="M:PC.Framework.Threading.ThreadPool.Foreach``1(System.Collections.Generic.IEnumerable{``0},System.Reflection.MethodInfo,System.Object[],System.Int32,System.TimeSpan)">
            <summary>
            Executes a method of each object in an enumerable collection in parallel using a thread pool
            </summary>
            <typeparam name="T">The type of items in the collection</typeparam>
            <param name="list">The collection of objects to execute methods on</param>
            <param name="method">The method to execute on each object</param>
            <param name="args">The arguments to pass to the method</param>
            <param name="threadCount">The number of threads to use</param>
            <param name="timeToWait">How long to wait for the operation to complete</param>
            <returns>False of the operation timed out</returns>
        </member>
        <member name="M:PC.Framework.Threading.ThreadPool.Foreach``1(System.Collections.Generic.IEnumerable{``0},System.String,System.Object[],System.Int32,System.TimeSpan)">
            <summary>
            Executes a method of each object in an enumerable collection in parallel using a thread pool
            </summary>
            <typeparam name="T">The type of items in the collection</typeparam>
            <param name="list">The collection of objects to execute methods on</param>
            <param name="methodName">The name of the method to execute on each object</param>
            <param name="args">The arguments to pass to the method</param>
            <param name="threadCount">The number of threads to use</param>
            <param name="timeToWait">How long to wait for the operation to complete</param>
            <returns>False of the operation timed out</returns>
        </member>
        <member name="M:PC.Framework.Threading.ThreadPool.Foreach``1(System.Collections.Generic.IEnumerable{``0},System.String,System.Object[])">
            <summary>
            Executes a method of each object in an enumerable collection in parallel using a thread pool
            </summary>
            <typeparam name="T">The type of items in the collection</typeparam>
            <param name="list">The collection of objects to execute methods on</param>
            <param name="methodName">The name of the method to execute on each object</param>
            <param name="args">The arguments to pass to the method</param>
            <returns>False of the operation timed out</returns>
        </member>
        <member name="M:PC.Framework.Threading.ThreadPool.Foreach``1(System.Collections.Generic.IEnumerable{``0},System.String)">
            <summary>
            Executes a method of each object in an enumerable collection in parallel using a thread pool
            </summary>
            <typeparam name="T">The type of items in the collection</typeparam>
            <param name="list">The collection of objects to execute methods on</param>
            <param name="methodName">The name of the method to execute on each object. The method must take no parameters</param>
            <returns>False of the operation timed out</returns>
        </member>
        <member name="M:PC.Framework.Threading.ThreadPool.TryStealingWork(PC.Framework.Threading.ThreadPool)">
            <summary>
            Tries to steal work from another thread pool
            </summary>
            <param name="idlePool">The pool that has available threads</param>
            <returns>A stolen operation, or null if no work is available</returns>
        </member>
        <member name="M:PC.Framework.Threading.ThreadPool.#ctor(System.Int32,System.Int32,System.String,System.Threading.ThreadPriority,System.Nullable{System.Threading.ApartmentState})">
            <summary>
            Constructs a new thread pool
            </summary>
            <param name="maximumThreadCount">The maximum number of running threads</param>
            <param name="minimumThreadCount">The minimum number of running threads</param>
            <param name="baseThreadName">The base name for the threads, an ordinal will be added for each thread</param>
            <param name="priority">The priority to assign to the threads</param>
            <param name="apartementState">Use STA apparements to call STA COM components, otherwise use MTA. Pass null for default appartement state</param>
        </member>
        <member name="M:PC.Framework.Threading.ThreadPool.#ctor(System.Int32,System.Int32,System.String,System.Threading.ThreadPriority)">
            <summary>
            Constructs a new thread pool
            </summary>
            <param name="maximumThreadCount">The maximum number of running threads</param>
            <param name="minimumThreadCount">The minimum number of running threads</param>
            <param name="baseThreadName">The base name for the threads, an ordinal will be added for each thread</param>
            <param name="priority">The priority to assign to the threads</param>
        </member>
        <member name="M:PC.Framework.Threading.ThreadPool.#ctor(System.Int32,System.Int32,System.String)">
            <summary>
            Constructs a new thread pool
            </summary>
            <param name="maximumThreadCount">The maximum number of running threads</param>
            <param name="minimumThreadCount">The minimum number of running threads</param>
            <param name="baseThreadName">The base name for the threads, an ordinal will be added for each thread</param>
        </member>
        <member name="M:PC.Framework.Threading.ThreadPool.#ctor(System.Int32,System.Int32)">
            <summary>
            Constructs a new thread pool
            </summary>
            <param name="maximumThreadCount">The maximum number of running threads</param>
            <param name="minimumThreadCount">The minimum number of running threads</param>
        </member>
        <member name="M:PC.Framework.Threading.ThreadPool.#ctor(System.Int32)">
            <summary>
            Constructs a new thread pool
            </summary>
            <param name="maximumThreadCount">The maximum number of running threads</param>
        </member>
        <member name="M:PC.Framework.Threading.ThreadPool.#ctor">
            <summary>
            Constructs a new thread pool
            </summary>
        </member>
        <member name="M:PC.Framework.Threading.ThreadPool.Dispose">
            <summary>
            IDisposable
            </summary>
        </member>
        <member name="M:PC.Framework.Threading.ThreadPool.Finalize">
            <summary>
            Destructor
            </summary>
        </member>
        <member name="M:PC.Framework.Threading.ThreadPool.BeginInvoke(System.Delegate,System.Object[],System.Security.Principal.IPrincipal,System.AsyncCallback)">
            <summary>
            Queues a delegate for execution on the next available thread
            </summary>
            <param name="method">The method to invoke</param>
            <param name="arguments">Arguments to pass to the method</param>
            <param name="principal">The security context to execute this request in</param>
            <param name="callBack">If you pass a callback delegate here, then it will be called 
            after the mehod has been executed asyncronously</param>
            <returns>An object that implements the IAsyncResult interface. This interface can be
            used to find out when the asyncronous operation has completed, or to wait for
            the completion to have occurred.
            The AsyncState property of IAsyncResult will return one of three possible values:
            When the operation has not completed yet, it will return null.
            When the operation completed sucessfully it will contain the return value from the method (which could be null).
            When the operation threw an unhandled exception, it will contain the exception object that was thrown.
            </returns>
        </member>
        <member name="M:PC.Framework.Threading.ThreadPool.BeginInvoke(System.Delegate,System.Object[],System.Security.Principal.IPrincipal)">
            <summary>
            Queues a delegate for execution on the next available thread
            </summary>
            <param name="method">The method to invoke</param>
            <param name="arguments">Arguments to pass to the method</param>
            <param name="principal">The security context to execute this request in</param>
            <returns>An object that implements the IAsyncResult interface. This interface can be
            used to find out when the asyncronous operation has completed, or to wait for
            the completion to have occurred.
            The AsyncState property of IAsyncResult will return one of three possible values:
            When the operation has not completed yet, it will return null.
            When the operation completed sucessfully it will contain the return value from the method (which could be null).
            When the operation threw an unhandled exception, it will contain the exception object that was thrown.
            </returns>
        </member>
        <member name="M:PC.Framework.Threading.ThreadPool.BeginInvoke(System.Delegate,System.Object[])">
            <summary>
            Queues a delegate for execution on the next available thread
            </summary>
            <param name="method">The method to invoke</param>
            <param name="arguments">Arguments to pass to the method</param>
            <returns></returns>
        </member>
        <member name="M:PC.Framework.Threading.ThreadPool.BeginInvoke(System.Delegate)">
            <summary>
            Queues a delegate that takes no parameters for execution on the next available thread
            </summary>
            <param name="method">The method to invoke</param>
            <returns></returns>
        </member>
        <member name="M:PC.Framework.Threading.ThreadPool.BeginInvoke(System.Reflection.MethodInfo,System.Object,System.Object[],System.Security.Principal.IPrincipal,System.AsyncCallback)">
            <summary>
            Queues a method for execution on the next available thread
            </summary>
            <param name="method">The method to invoke</param>
            <param name="instance">The object instance to invoke the method on, or null if this is a static method</param>
            <param name="arguments">Arguments to pass to this method or null of the method takes no parameters</param>
            <param name="principal">The security context in which to execute this method</param>
            <param name="callBack">If a callback delegate is provided, it will be called after the method has completed asyncronously</param>
            <returns></returns>
        </member>
        <member name="M:PC.Framework.Threading.ThreadPool.BeginInvoke(System.Reflection.MethodInfo,System.Object,System.Object[],System.Security.Principal.IPrincipal)">
            <summary>
            Queues a method for execution on the next available thread
            </summary>
            <param name="method">The method to invoke</param>
            <param name="instance">The object instance to invoke the method on, or null if this is a static method</param>
            <param name="arguments">Arguments to pass to this method or null of the method takes no parameters</param>
            <param name="principal">The security context in which to execute this method</param>
            <returns></returns>
        </member>
        <member name="M:PC.Framework.Threading.ThreadPool.BeginInvoke(System.Reflection.MethodInfo,System.Object,System.Object[])">
            <summary>
            Queues a method for execution on the next available thread
            </summary>
            <param name="method">The method to invoke</param>
            <param name="instance">The object instance to invoke the method on, or null if this is a static method</param>
            <param name="arguments">Arguments to pass to this method or null of the method takes no parameters</param>
            <returns></returns>
        </member>
        <member name="M:PC.Framework.Threading.ThreadPool.BeginInvoke(System.Reflection.MethodInfo,System.Object)">
            <summary>
            Queues a method that takes no parameters for execution on the next available thread.
            </summary>
            <param name="method">The method to invoke</param>
            <param name="instance">The object instance to invoke the method on, or null if this is a static method</param>
            <returns></returns>
        </member>
        <member name="M:PC.Framework.Threading.ThreadPool.Cancel(System.IAsyncResult)">
            <summary>
            Cancels an asyncrhronous operation that was queued. If the operation has not started
            execution yet, then it will not be executed.
            </summary>
            <param name="asyncResult">As IAsyncResult interface that was returned by BeginInvoke</param>
        </member>
        <member name="M:PC.Framework.Threading.ThreadPool.WaitUntilIdle(System.TimeSpan)">
            <summary>
            Blocks the executing thread until all of the work in the pool has been
            completed, or a timeout occurs.
            </summary>
            <param name="timeout"></param>
            <returns>True if all work completed, False if timeout occurred</returns>
        </member>
        <member name="P:PC.Framework.Threading.ThreadPool.MinimumThreadCount">
            <summary>
            The thread pool will keep at least this number of threads running and 
            available to service requests. When you set this property is will not
            have any effect on running threads, but will take effect over time.
            </summary>
            <remarks>
            If you want to increase the number of threads, set the maximum first.
            If you want to decrease the number of threads, set the minimum first.
            </remarks>
        </member>
        <member name="P:PC.Framework.Threading.ThreadPool.MaximumThreadCount">
            <summary>
            The maximum number of theads that will be running at any one time
            in this thread pool.When you set this property is will not
            have any effect on running threads, but will take effect over time.
            </summary>
            <remarks>
            If you want to increase the number of threads, set the maximum first.
            If you want to decrease the number of threads, set the minimum first.
            </remarks>
        </member>
        <member name="P:PC.Framework.Threading.ThreadPool.ThreadCount">
            <summary>
            Returns a count of the number of threads currently in the pool
            </summary>
        </member>
        <member name="P:PC.Framework.Threading.ThreadPool.ActiveThreadCount">
            <summary>
            Returns a count of the number of threads currently busy with requests
            </summary>
        </member>
        <member name="P:PC.Framework.Threading.ThreadPool.IdleThreadCount">
            <summary>
            Returns a count of the number of threads waiting for new requests
            </summary>
        </member>
        <member name="P:PC.Framework.Threading.ThreadPool.ThreadPriority">
            <summary>
            The prioritory of the threads in the pool
            </summary>
        </member>
        <member name="P:PC.Framework.Threading.ThreadPool.ThreadApartmentState">
            <summary>
            Defines the appartement state of the threads in the pool
            </summary>
        </member>
        <member name="P:PC.Framework.Threading.ThreadPool.EnableStealingFromOther">
            <summary>
            Set this to false to dedicate the threads in this pool to the
            work added to this pools work queue. By default this property
            is true which means that if this pool has idle threads, these
            threads will be used to do work from another pool that has more
            work than threads to do it
            </summary>
        </member>
        <member name="P:PC.Framework.Threading.ThreadPool.EnableStealingFromThis">
            <summary>
            Set this to false to prevent other thread pools from stealing work
            from this pool. By default this property is true, which means that if
            this pool has more work to do than the number of threads available
            to do it, some of the work can be farmed out to idle threads in 
            other pools.
            </summary>
        </member>
        <member name="P:PC.Framework.Threading.ThreadPool.Name">
            <summary>
            Application code can use this name to keep track of which thread pool is which.
            The threadpool class does not use this property internally
            </summary>
        </member>
        <member name="P:PC.Framework.Threading.ThreadPool.Snapshot">
            <summary>
            Gets a snap shot of the ThreadPool at the time of calling this method.
            </summary>
        </member>
        <member name="P:PC.Framework.Threading.ThreadPool.QueueLength">
            <summary>
            Returns the number of pending operations in the queue
            </summary>
        </member>
        <member name="T:PC.Framework.Threading.ThreadPool.ThreadPoolSnapshot">
            <summary>
            Returns information about a ThreadPool at a given point in time.
            It contains no reference to the ThreadPool past construction.
            </summary>
        </member>
        <member name="M:PC.Framework.Threading.ThreadPool.ThreadPoolSnapshot.#ctor(PC.Framework.Threading.ThreadPool)">
            <summary>
            Create a new snapshot.
            </summary>
            <param name="threadPool"></param>
        </member>
        <member name="M:PC.Framework.Threading.ThreadPool.ThreadPoolSnapshot.#ctor">
            <summary>
            This constructor is only provided for serialisation.
            </summary>
        </member>
        <member name="P:PC.Framework.Threading.ThreadPool.ThreadPoolSnapshot.Time">
            <summary>
            Gets the Date/Time this snap shot was constructed.
            </summary>
        </member>
        <member name="P:PC.Framework.Threading.ThreadPool.ThreadPoolSnapshot.MinimumThreadCount">
            <summary>
            The thread pool will keep at least this number of threads running and 
            available to service requests. 
            </summary>
        </member>
        <member name="P:PC.Framework.Threading.ThreadPool.ThreadPoolSnapshot.MaximumThreadCount">
            <summary>
            The maximum number of theads that will be running at any one time
            in this thread pool.
            </summary>
        </member>
        <member name="P:PC.Framework.Threading.ThreadPool.ThreadPoolSnapshot.ThreadCount">
            <summary>
            Returns a count of the number of threads currently in the pool
            </summary>
        </member>
        <member name="P:PC.Framework.Threading.ThreadPool.ThreadPoolSnapshot.ActiveThreadCount">
            <summary>
            Returns a count of the number of threads currently busy with requests
            </summary>
        </member>
        <member name="P:PC.Framework.Threading.ThreadPool.ThreadPoolSnapshot.IdleThreadCount">
            <summary>
            Returns a count of the number of threads waiting for new requests
            </summary>
        </member>
        <member name="P:PC.Framework.Threading.ThreadPool.ThreadPoolSnapshot.ThreadPriority">
            <summary>
            The prioritory of the threads in the pool
            </summary>
        </member>
        <member name="P:PC.Framework.Threading.ThreadPool.ThreadPoolSnapshot.ThreadApartmentState">
            <summary>
            Defines the appartement state of the threads in the pool
            </summary>
        </member>
        <member name="P:PC.Framework.Threading.ThreadPool.ThreadPoolSnapshot.StealingFromOther">
            <summary>
            By default this property
            is true which means that if this pool has idle threads, these
            threads will be used to do work from another pool that has more
            work than threads to do it
            </summary>
        </member>
        <member name="P:PC.Framework.Threading.ThreadPool.ThreadPoolSnapshot.StealingFromThis">
            <summary>
            By default this property is true, which means that if
            this pool has more work to do than the number of threads available
            to do it, some of the work can be farmed out to idle threads in 
            other pools.
            </summary>
        </member>
        <member name="P:PC.Framework.Threading.ThreadPool.ThreadPoolSnapshot.Name">
            <summary>
            Name to keep track of which thread pool is which.
            </summary>
        </member>
        <member name="P:PC.Framework.Threading.ThreadPool.ThreadPoolSnapshot.QueueLength">
            <summary>
            Returns the number of pending operations in the queue
            </summary>
        </member>
        <member name="T:PC.Framework.Threading.DelayedExecution">
            <summary>
            This class allows a method to trigger the execution of another method
            after a delay. For example if method A invokes method B after 1 second,
            then a single call to method A will result in a single call to method B
            1 second later.
            However if there is another call to method A before the 1 second delay expires, 
            then this class restarts the timout period, and method B will execute once
            only, 1 second after the second call to method A.
            Additionally if method A executes a second time after method B has started
            executing, then method B will be allowed to finish executing, and will be 
            scheduled to run again 1 second after the second call to method A.
            
            This semantic is useful for situations like setting a property on an object
            requires a screen refresh, but you don't want to refresh the screen on each
            property change. By delaying the screen painting using this class, the screen
            will only repaint once after all of the property changes.
            
            This class uses manual reset events, and does not perform any polling.
            The delayed execution method will run in a separate thread.
            </summary>
        </member>
        <member name="M:PC.Framework.Threading.DelayedExecution.Execute">
            <summary>
            Call this method to trigger a delayed execution of the contained method.
            Each time this method is called, the delay is reset. The delayed method 
            will actually execute when this method has been called at once since the
            last execution but has not been called within the timeout period.
            </summary>
        </member>
        <member name="M:PC.Framework.Threading.DelayedExecution.#ctor(PC.Framework.Interfaces.ILog,System.Threading.ThreadStart,System.TimeSpan,System.Threading.ThreadPriority)">
            <summary>
            Creates a Pixology.Core.Threading.DelayedExecution object
            </summary>
            <param name="logger">The application logger</param>
            <param name="method">The method to execute</param>
            <param name="delay">The amount of time to wait before executing the method</param>
            <param name="priority">The priority to execute the method at</param>
        </member>
        <member name="M:PC.Framework.Threading.DelayedExecution.Dispose(System.Boolean)">
            <summary>
            Cleanup behaviour
            </summary>
            <param name="destructor">True when called from the destructor</param>
        </member>
        <member name="M:PC.Framework.Threading.DelayedExecution.Dispose">
            <summary>
            Implements IDisposable
            </summary>
        </member>
        <member name="M:PC.Framework.Threading.DelayedExecution.Finalize">
            <summary>
            Destructor
            </summary>
        </member>
        <member name="T:PC.Framework.Threading.ThreadSafeQueue`1">
            <summary>
            Implements a queue of objects that can be simultaneously accessed by many threads.
            T represents to type you are queuing. 
            </summary>
            <remarks>
            This should be used for new Thread Queues targetted at the 3.5 environment.
            </remarks>
        </member>
        <member name="M:PC.Framework.Threading.ThreadSafeQueue`1.#ctor">
            <summary>
            Creates a thread-safe queue
            </summary>
        </member>
        <member name="M:PC.Framework.Threading.ThreadSafeQueue`1.Clear">
            <summary>
            Deletes all the items in the queue
            </summary>
        </member>
        <member name="M:PC.Framework.Threading.ThreadSafeQueue`1.Enqueue(`0)">
            <summary>
            Adds an object to the end of the queue
            </summary>
            <param name="o"></param>
        </member>
        <member name="M:PC.Framework.Threading.ThreadSafeQueue`1.Enqueue(System.Collections.Generic.IEnumerable{`0})">
            <summary>
            Adds an Enqueues an IEnumerable list to the Queue.
            NOTE: 
                The queue is locked for each Add. So items may not DeQueue sequentially.
            </summary>
            <param name="items"></param>
        </member>
        <member name="M:PC.Framework.Threading.ThreadSafeQueue`1.Dequeue">
            <summary>
            
            Returns an object from the front of the queue
            </summary>
            <returns></returns>
        </member>
        <member name="M:PC.Framework.Threading.ThreadSafeQueue`1.WaitUntilNotEmpty(System.TimeSpan)">
            <summary>
            Suspends execution of the current thread until there is something in the
            queue, or a timeout elapses.
            </summary>
            <param name="maximumWaitTime">Timeout period</param>
            <returns>True is the queue is not empty, False if a timeout occured</returns>
        </member>
        <member name="M:PC.Framework.Threading.ThreadSafeQueue`1.TrimToSize">
            <summary>
            Reduces the memory footprint of the queue to just accomodate
            the items stored in the queue
            </summary>
        </member>
        <member name="M:PC.Framework.Threading.ThreadSafeQueue`1.Contains(`0)">
            <summary>
            Tests to see if an object is in the queue
            </summary>
            <param name="o">The object to test for</param>
            <returns></returns>
        </member>
        <member name="M:PC.Framework.Threading.ThreadSafeQueue`1.CopyTo(`0[],System.Int32)">
            <summary>
            Saves the contents of the queue to an array
            </summary>
            <param name="array">The array to save into</param>
            <param name="index">The index within the array to start writing</param>
        </member>
        <member name="M:PC.Framework.Threading.ThreadSafeQueue`1.Lock">
            <summary>
            Prevents other threads form accessing the queue until the Unlock() method
            is called.
            It is not necessary to call this method, the queue is
            automatically thread-safe. Use this method when you don't want the satate
            of the queue to change between two method calls for example to copy the queue
            lock it, get the count and allocate a big enough array, copy the objects, 
            and unlock it.
            If you fail to unlock the queue, the system will hang, so always use 
            a try...finally construct
            </summary>
        </member>
        <member name="M:PC.Framework.Threading.ThreadSafeQueue`1.Unlock">
            <summary>
            Unlocks the queue. These calls must be exactly balanced with calls to Lock()
            </summary>
        </member>
        <member name="P:PC.Framework.Threading.ThreadSafeQueue`1.CounterItemsQueued">
            <summary>
            If provided this counters will be incremented on item being received
            </summary>
        </member>
        <member name="P:PC.Framework.Threading.ThreadSafeQueue`1.CounterItemsDeQueued">
            <summary>
            If provided this counters will be incremented on item being deQueued
            </summary>
        </member>
        <member name="P:PC.Framework.Threading.ThreadSafeQueue`1.CounterQueueSize">
            <summary>
            If provided this counters will be incremented on item being Received
            and decremented on item being dequeued.
            </summary>
        </member>
        <member name="P:PC.Framework.Threading.ThreadSafeQueue`1.Count">
            <summary>
            Retruns the number of items in the queue
            </summary>
        </member>
        <member name="T:PC.Framework.Threading.ThreadSafeQueueString">
            <summary>
            Implements a thread safe queue of strings
            </summary>
        </member>
        <member name="T:PC.Framework.Threading.MultiThreadedOperation`1">
            <summary>
            Abstract base class for operations that can be broken into small items of work that
            can be executed in parallel by a number of threads. For example if you are designing
            an algorithm that performs brightness adjustment of a bitmap, then you could divide
            the bitmap into small tiles, and process the tiles in parallel using this class. This would
            make use of all available CPUs.
            
            To use this class:
            1. Define a class that stores enough information to perform one peice of the whole task.
              This is one item of work. For example TImageTile.
            2. Define a class that contains the algorithm that you want to execute for each item of
               work. Your class must inherit from this one specifying the type of your work item
               in the generic type parameter. For example class BrightnessAdjuster: MultiThreadedOperation&lt;TImageTile>
            3. In your derrived class, override the DoWork() method and add code to process one item of work.
            5. Optionally override the OnStart() and OnStop() methods to perform initialization and cleanup.
            4. To use your derrived class, call the AddWork() method once for each item of work to be
               completed, then call the ExecuteInThreads() method to perform the whole operation.
            </summary>
        </member>
        <member name="F:PC.Framework.Threading.MultiThreadedOperation`1.workQueue">
            <summary>
            Contains a list of the TWorkItem objects that still need to be processed
            </summary>
        </member>
        <member name="M:PC.Framework.Threading.MultiThreadedOperation`1.DoWork(`0)">
            <summary>
            Overide this method and add code that processes one item of work. This will be called
            concurrently by multiple threads
            </summary>
            <param name="workItem"></param>
        </member>
        <member name="M:PC.Framework.Threading.MultiThreadedOperation`1.OnStart">
            <summary>
            Optionally override this to add behaviour when a thread starts executing
            </summary>
        </member>
        <member name="M:PC.Framework.Threading.MultiThreadedOperation`1.OnStop">
            <summary>
            Optionally override this to add behaviour when a thread stops executing
            </summary>
        </member>
        <member name="M:PC.Framework.Threading.MultiThreadedOperation`1.AddWork(`0)">
            <summary>
            Add an item of work to the list of work items to process
            </summary>
            <param name="workItem"></param>
        </member>
        <member name="M:PC.Framework.Threading.MultiThreadedOperation`1.ExecuteInThreads">
            <summary>
            Start threads and process all the work items that were added.
            Does not return until all of the work items have been processed
            </summary>
        </member>
        <member name="M:PC.Framework.Threading.MultiThreadedOperation`1.ExecuteInThreads(System.Int32)">
            <summary>
            Start threads and process all the work items that were added.
            Does not return until all of the work items have been processed
            </summary>
            <param name="threadCount">The number of theads to use to process
            work items</param>
        </member>
        <member name="T:PC.Framework.Threading.ThreadSafeQueue">
            <summary>
            Implements a queue of objects that can be simultaneously accessed by many threads.
            You should derrive a new class using this as the base class, and add type-safe
            methods to queue and dequeue objects of a specific type.
            NOTE: In Visual Studio 2005 this could not be modified to use generics.
            </summary>
        </member>
        <member name="M:PC.Framework.Threading.ThreadSafeQueue.#ctor">
            <summary>
            Creates a thread-safe queue
            </summary>
        </member>
        <member name="M:PC.Framework.Threading.ThreadSafeQueue.Clear">
            <summary>
            Deletes all the items in the queue
            </summary>
        </member>
        <member name="M:PC.Framework.Threading.ThreadSafeQueue.Enqueue(System.Object)">
            <summary>
            Adds an object to the end of the queue
            </summary>
            <param name="o"></param>
        </member>
        <member name="M:PC.Framework.Threading.ThreadSafeQueue.Dequeue">
            <summary>
            Returns an object from the front of the queue
            </summary>
            <returns></returns>
        </member>
        <member name="M:PC.Framework.Threading.ThreadSafeQueue.WaitUntilNotEmpty(System.TimeSpan)">
            <summary>
            Suspends execution of the current thread until there is something in the
            queue, or a timeout elapses.
            </summary>
            <param name="maximumWaitTime">Timeout period</param>
            <returns>True is the queue is not empty, False if a timeout occured</returns>
        </member>
        <member name="M:PC.Framework.Threading.ThreadSafeQueue.TrimToSize">
            <summary>
            Reduces the memory footprint of the queue to just accomodate
            the items stored in the queue
            </summary>
        </member>
        <member name="M:PC.Framework.Threading.ThreadSafeQueue.Contains(System.Object)">
            <summary>
            Tests to see if an object is in the queue
            </summary>
            <param name="o">The object to test for</param>
            <returns></returns>
        </member>
        <member name="M:PC.Framework.Threading.ThreadSafeQueue.CopyTo(System.Array,System.Int32)">
            <summary>
            Saves the contents of the queue to an array
            </summary>
            <param name="array">The array to save into</param>
            <param name="index">The index within the array to start writing</param>
        </member>
        <member name="M:PC.Framework.Threading.ThreadSafeQueue.Lock">
            <summary>
            Prevents other threads form accessing the queue until the Unlock() method
            is called.
            It is not necessary to call this method, the queue is
            automatically thread-safe. Use this method when you don't want the satate
            of the queue to change between two method calls for example to copy the queue
            lock it, get the count and allocate a big enough array, copy the objects, 
            and unlock it.
            If you fail to unlock the queue, the system will hang, so always use 
            a try...finally construct
            </summary>
        </member>
        <member name="M:PC.Framework.Threading.ThreadSafeQueue.Unlock">
            <summary>
            Unlocks the queue. These calls must be exactly balanced with calls to Lock()
            </summary>
        </member>
        <member name="P:PC.Framework.Threading.ThreadSafeQueue.Count">
            <summary>
            Retruns the number of items in the queue
            </summary>
        </member>
        <member name="T:PC.Framework.Threading.ThreadSafeStringQueue">
            <summary>
            Implements a thread safe queue of strings
            </summary>
        </member>
        <member name="M:PC.Framework.Threading.ThreadSafeStringQueue.Enqueue(System.String)">
            <summary>
            Adds a string to the back of the queue
            </summary>
            <param name="s">The string to add to the queue</param>
        </member>
        <member name="M:PC.Framework.Threading.ThreadSafeStringQueue.Dequeue">
            <summary>
            Removes a string from the front of the queue. Returns null if the queue is empty
            </summary>
            <returns>A string or null</returns>
        </member>
        <member name="T:PC.Framework.Threading.WaitHandleList">
            <summary>
            Provides a list of WaitHandles, and a mechanism for waiting for all the
            handles to be signalled. This class was written because the .Net WaitHandle
            class can only wait for a maximum of 64 handles at a time. If you need to 
            wait for more handles that this, use this class instead.
            </summary>
        </member>
        <member name="M:PC.Framework.Threading.WaitHandleList.WaitAll(System.TimeSpan)">
            <summary>
            Waits for all the handles to be signalled
            </summary>
            <param name="timeout">The maximum amount ot time to wait</param>
            <returns>True if all the handles were signalled, and false if the operation timed out</returns>
        </member>
    </members>
</doc>
